<?xml version="1.0" encoding="UTF-8"?>
<configuration>
  <appender name="CONSOLE_LOG" class="ch.qos.logback.core.ConsoleAppender">
    <encoder>
      <pattern>%d{HH:mm:ss.SSS} %-5level %logger{36} - %msg%n</pattern>
    </encoder>
  </appender>
  <appender name="FILE_LOG" class="ch.qos.logback.core.FileAppender">
    <file>delayIssueAccessLog.log</file>
    <append>true</append>
    <encoder>
      <pattern>%d{HH:mm:ss.SSS} %-5level %logger{36} - %msg%n</pattern>
    </encoder>
  </appender>
  <root level="INFO">
    <appender-ref ref="CONSOLE_LOG"/>
    <appender-ref ref="FILE_LOG"/>
  </root>
</configuration>
